Filename,Distance
image_0016.jpg,0.0
image_0021.jpg,0.1065824
image_0026.jpg,0.11177552
image_0049.jpg,0.11462957
image_1130.jpg,0.12564445
image_0001.jpg,0.13901675
